{
	"format_version": "1.8.0",
	"animations": {
		"animation.mauler.shoot": {
			"animation_length": 0.5,
			"bones": {
				"musket": {
					"rotation": {
						"0.0": [
							0,
							0,
							0
						],
						"0.0833": [
							0,
							0,
							6
						],
						"0.2083": [
							0,
							0,
							-38.5
						],
						"0.3333": [
							0,
							0,
							-64
						],
						"0.4583": [
							0,
							0,
							0
						]
					},
					"position": {
						"0.0": [
							0,
							0,
							0
						],
						"0.0833": [
							0.6,
							0,
							0
						],
						"0.2083": [
							-4.6,
							0.4,
							0
						],
						"0.2917": [
							-3.4,
							0.4,
							0
						],
						"0.4167": [
							0,
							0,
							0
						]
					}
				},
				"soq": {
					"rotation": {
						"0.0": [
							0,
							0,
							0
						],
						"0.1667": [
							0,
							0,
							85
						],
						"0.375": [
							0,
							0,
							85
						],
						"0.4583": [
							0,
							0,
							0
						]
					}
				},
				"ammothing": {
					"rotation": {
						"0.0833": [
							0,
							0,
							0
						],
						"0.5": [
							0,
							180,
							0
						]
					}
				}
			}
		},
		"animation.mauler.reload": {
			"loop": "hold_on_last_frame",
			"animation_length": 5.25,
			"bones": {
				"musket": {
					"rotation": {
						"0.0": [
							0,
							0,
							0
						],
						"0.125": [
							0,
							0,
							29
						],
						"0.2083": [
							0,
							0,
							0
						],
						"0.3333": [
							0,
							-37.5,
							-96.67
						],
						"0.4583": [
							0,
							-39.5,
							-96.67
						],
						"0.5": [
							0,
							-39.5,
							-96.67
						],
						"0.5833": [
							0,
							-48.5,
							-96.67
						],
						"0.6667": [
							0,
							-39.5,
							-96.67
						],
						"0.7917": [
							-17.85343,
							-35.83925,
							-67.85457
						],
						"1.0833": [
							11.21697,
							-57.65246,
							-100.84775
						],
						"1.375": [
							-17.85343,
							-35.83925,
							-67.85457
						],
						"1.7083": [
							11.21697,
							-57.65246,
							-100.84775
						],
						"2.0": [
							-17.85343,
							-35.83925,
							-67.85457
						],
						"2.3333": [
							11.21697,
							-57.65246,
							-100.84775
						],
						"2.625": [
							-17.85343,
							-35.83925,
							-67.85457
						],
						"2.9167": [
							11.21697,
							-57.65246,
							-100.84775
						],
						"3.2083": [
							-17.85343,
							-35.83925,
							-67.85457
						],
						"3.5417": [
							11.21697,
							-57.65246,
							-100.84775
						],
						"3.8333": [
							-17.85343,
							-35.83925,
							-67.85457
						],
						"4.1667": [
							11.21697,
							-57.65246,
							-100.84775
						],
						"4.3333": [
							-8.16,
							-43.11,
							-78.85
						],
						"4.4167": [
							-14.85609,
							-14.22058,
							-74.8063
						],
						"4.5833": [
							-13.41,
							-36.99,
							-75.09
						],
						"4.6667": [
							-4.51381,
							-39.28257,
							-89.55274
						],
						"4.9167": [
							-10.51381,
							-39.28257,
							-89.55274
						],
						"5.25": [
							0,
							0,
							0
						]
					},
					"position": {
						"0.0": [
							0,
							0,
							0
						],
						"0.0833": [
							0,
							-4,
							0
						],
						"0.25": [
							0,
							-4,
							0
						],
						"0.7083": [
							0,
							-4,
							0
						],
						"0.9167": [
							0,
							-4.5,
							0
						],
						"1.25": [
							0,
							-4,
							0
						],
						"1.5417": [
							0,
							-4.5,
							0
						],
						"1.875": [
							0,
							-4,
							0
						],
						"2.1667": [
							0,
							-4.5,
							0
						],
						"2.5": [
							0,
							-4,
							0
						],
						"2.75": [
							0,
							-4.5,
							0
						],
						"3.0833": [
							0,
							-4,
							0
						],
						"3.375": [
							0,
							-4.5,
							0
						],
						"3.7083": [
							0,
							-4,
							0
						],
						"4.0": [
							0,
							-4.5,
							0
						],
						"4.3333": [
							0,
							-4,
							0
						],
						"4.5833": [
							0,
							-3,
							0
						],
						"4.875": [
							0,
							-6.14,
							0
						],
						"5.1667": [
							0,
							0,
							0
						]
					}
				},
				"ammothing": {
					"rotation": {
						"0.2917": [
							0,
							0,
							0
						],
						"0.4167": [
							0,
							-182.5,
							0
						],
						"0.5417": [
							0,
							-237.5,
							0
						],
						"0.6667": [
							0,
							-270,
							0
						],
						"0.875": [
							0,
							-180,
							0
						],
						"1.25": [
							0,
							-180,
							0
						],
						"1.5417": [
							0,
							-222.5,
							0
						],
						"2.0": [
							0,
							-222.5,
							0
						],
						"2.3333": [
							0,
							-312.5,
							0
						],
						"2.625": [
							0,
							-312.5,
							0
						],
						"2.9167": [
							0,
							-357.5,
							0
						],
						"3.2083": [
							0,
							-357.5,
							0
						],
						"3.5417": [
							0,
							-402.5,
							0
						],
						"3.8333": [
							0,
							-402.5,
							0
						],
						"4.1667": [
							0,
							-447.5,
							0
						],
						"4.375": [
							0,
							-447.5,
							0
						],
						"4.7083": [
							0,
							0,
							0
						],
						"4.8333": [
							0,
							90,
							0
						]
					},
					"position": {
						"0.3333": [
							0,
							0,
							0
						],
						"0.4583": [
							0,
							0,
							5
						],
						"4.7917": [
							0,
							0,
							5
						],
						"4.9167": [
							0,
							0,
							0
						]
					},
					"scale": 1
				},
				"holder": {
					"rotation": {
						"0.3333": [
							0,
							0,
							0
						],
						"4.9167": [
							0,
							0,
							0
						]
					},
					"position": {
						"0.3333": [
							0,
							0,
							0
						],
						"0.4583": [
							-0.3,
							0,
							5
						],
						"4.7917": [
							-0.3,
							0,
							5
						],
						"4.9167": [
							0,
							0,
							0
						]
					},
					"scale": {
						"0.3333": [
							1,
							1,
							1
						],
						"0.4583": [
							1,
							1,
							5.7
						],
						"4.7917": [
							1,
							1,
							5
						],
						"4.9167": [
							1,
							1,
							1
						]
					}
				},
				"bone": {
					"position": {
						"0.7083": [
							0,
							-20,
							0
						],
						"0.875": [
							0,
							-20,
							0
						],
						"1.0417": [
							0,
							10,
							0
						],
						"1.1667": [
							0,
							0,
							0
						]
					},
					"scale": {
						"0.7083": [
							0,
							0,
							0
						],
						"0.875": [
							0,
							0,
							0
						],
						"1.0417": [
							0,
							0,
							0
						],
						"1.1667": [
							1,
							1,
							1
						]
					}
				},
				"bone2": {
					"position": {
						"0.9583": [
							0,
							-20,
							0
						],
						"1.4583": [
							0,
							10,
							0
						],
						"1.6667": [
							0,
							10,
							0
						],
						"1.7917": [
							0,
							3,
							0
						],
						"1.9167": [
							0,
							0,
							0
						]
					},
					"scale": {
						"0.9583": [
							0,
							0,
							0
						],
						"1.4583": [
							0,
							0,
							0
						],
						"1.6667": [
							1,
							1,
							1
						]
					}
				},
				"bone3": {
					"position": {
						"1.0": [
							0,
							-20,
							0
						],
						"1.25": [
							0,
							10,
							0
						],
						"3.875": [
							0,
							10,
							0
						],
						"4.0833": [
							0,
							10,
							0
						],
						"4.2083": [
							0,
							3,
							0
						],
						"4.3333": [
							0,
							0,
							0
						]
					},
					"scale": {
						"1.0": [
							0,
							0,
							0
						],
						"3.875": [
							0,
							0,
							0
						],
						"4.0833": [
							1,
							1,
							1
						]
					}
				},