{
	"format_version": "1.8.0",
	"animations": {
		"animation.musket.start": {
			"animation_length": 0.83333,
			"bones": {
				"musket": {
					"rotation": {
						"0.0": [
							0,
							0,
							62.5
						],
						"0.0833": [
							0,
							0,
							0
						],
						"0.2917": [
							18.6464,
							-22.82367,
							-70.77055
						],
						"0.5": [
							34.18344,
							-21.49344,
							-74.84397
						],
						"0.6667": [
							0,
							0,
							-63
						],
						"0.8333": [
							0,
							0,
							0
						]
					},
					"position": {
						"0.0": [
							-6.3,
							-4,
							0
						],
						"0.125": [
							0,
							0,
							0
						],
						"0.4583": [
							0,
							0,
							0
						],
						"0.5417": [
							0,
							-2,
							0
						],
						"0.625": [
							0,
							0,
							0
						]
					}
				},
				"aviva": {
					"rotation": {
						"0.0": [
							0,
							0,
							75
						],
						"0.6667": [
							0,
							0,
							75
						],
						"0.75": [
							0,
							0,
							0
						]
					}
				},
				"stick": {
					"position": {
						"0.0": [
							15,
							0,
							0
						],
						"0.2083": [
							15,
							0,
							0
						],
						"0.25": [
							22.5,
							0,
							0
						],
						"0.5417": [
							0,
							0,
							0
						]
					},
					"scale": {
						"0.0": [
							0,
							0,
							0
						],
						"0.1667": [
							0,
							0,
							0
						],
						"0.25": [
							1,
							1,
							1
						]
					}
				}
			},
			"sound_effects": {
				"0.0": {
					"effect": "pull"
				},
				"0.4167": {
					"effect": "push"
				}
			}
		},
		"animation.musket.dissapear": {
			"loop": true,
			"animation_length": 0.33333,
			"bones": {
				"rest": {
					"scale": 0
				}
			}
		},
		"animation.musket.scope_gone": {
			"loop": true,
			"animation_length": 0.20833,
			"bones": {
				"head": {
					"scale": 0
				}
			}
		}
	}
}